building,mean,min,max,sum
Admin_Block,276.6329032258065,61.2,490.1,8575.62
Hostel,285.17903225806447,68.3,484.24,8840.55
Library,279.5232258064516,50.64,479.96,8665.22
